delete from product;
delete from category;
insert into product values ('cc781d72-c2ef-4567-a901-3e10c2579b05','Mouse de juego inalámbrico Logitech G Series Lightspeed G305 black',4550,'https://http2.mlstatic.com/storage/vpp-scrapper/flixmedia_d7ue5r_logitech-53432303-g304-g305-lightspeed-wireless-gaming-mouse.png','El sensor HERO de próxima generación del ratón inalámbrico para gaming G305 LIGHTSPEED ofrece un rendimiento de 12.000 dpi, mientras que la conectividad inalámbrica LIGHTSPEED proporciona una velocidad de respuesta superrápida de 1 ms. Es duradero, con 250 horas de gaming de una pila AA, con un indicador luminoso que te avisa antes de que la pila se agote. Gracias a un eficiente diseño mecánico, G305 pesa sólo 99 gramos, lo que le da una gran capacidad de maniobra. La forma duradera y compacta y el almacenamiento integrado para el nano receptor hacen de G305 un gran compañero de viaje que está listo para jugar con 6 botones programables. En resumen, este ratón inalámbrico LIGHTSPEED para todos es una solución ya disponible y muy asequible.',50,'Logitech');
insert into product values ('7a4ae428-4d42-41ec-b8bc-381578398a9a','Mouse inalámbrico Genius NX-7000 spring green',966,'https://http2.mlstatic.com/D_NQ_NP_884154-MLA32846176642_112019-O.webp','Genius está enfocado en la calidad, comodidad y facilidad de uso de sus productos. Su principal objetivo es proporcionarle a las personas una mejor experiencia de usuario. Además, busca incorporar diseños ecológicos que respeten el medio ambiente. El mouse Genius se caracteriza por suaves curvas que resultan cómodas para cualquier mano. Gracias a su resolución, conseguirás movimientos precisos en una amplia gama de superficies.',5,'Genius');
insert into product values ('adc47f2c-4947-4c96-9645-b02599949176','Mouse inalámbrico Noga NGM-680 negro',490,'https://http2.mlstatic.com/D_NQ_NP_879115-MLA43710479808_102020-O.webp','Para trabajar desde casa con la computadora o aprovechar los momentos de ocio, necesitás comodidad y facilidad de movimiento. Con tu Noga NGM-680 encontrá eso que buscás en un solo aparato con la mejor tecnología.',20,'Noga');
insert into product values ('92fe4d55-ca83-4fc8-aaaf-902ebdd2af55','Mouse de juego Razer Naga Trinity negro',13000,'https://http2.mlstatic.com/D_NQ_NP_672897-MLA32146214449_092019-O.webp','Desde 2005 Razer es la marca líder de estilo de vida para jugadores. Ha diseñado y construido el ecosistema de hardware, software y servicios más grande del mundo. La ubicación de cada botón y curva de los mouses Razer se crearon para adaptarse perfectamente a tu mano. Gracias a estos dispositivos, conseguirás una experiencia de juego cómoda y placentera.',32,'Razer');
insert into product values ('3a4e9d34-a587-43c9-8a49-f57e1527aed2','Mouse de juego Redragon Griffin M607 negro',1970,'https://http2.mlstatic.com/D_NQ_NP_981372-MLA32147907497_092019-O.webp','Con más de 20 años de experiencia en fabricación de productos, Redragon innova día a día en diseño y calidad. Su objetivo es producir equipamiento de alta gama para jugadores, con excelentes prestaciones y a un precio accesible. Los mouses Redragon son adecuados para todas las ocasiones, ya sea para entretenerse en el hogar o usarlo en el trabajo. Experimentá el diseño cómodo y elegante de este dispositivo.',40,'Redragon');
insert into product values ('91b985c5-4602-49a8-8ce0-0c90d3b13b9d','Teclado bluetooth Logitech Master Series MX Keys QWERTY español color grafito con luz blanca',13000,'https://http2.mlstatic.com/D_NQ_NP_960095-MLA42645987830_072020-O.webp','Innovadores en diseño y tecnología, Logitech se encarga de brindar la mejor experiencia de uso para sus usuarios. Sus teclados resaltan por ser resistentes y muy de buena calidad, por lo que podrás disfrutarlos por un largo tiempo.',30,'Logitech');
insert into product values ('8ef68956-4e97-4956-bf76-2f338adc82d5','Teclado gamer Redragon Kumara K552 QWERTY Outemu Blue español latinoamérica color negro con luz RGB',6500,'https://http2.mlstatic.com/D_NQ_NP_2X_654842-MLA32722683116_102019-F.webp','La gran calidad del Redragon Kumara K552, y su precio económico lo vuelven un atractivo ideal para que te diviertas frente a la pantalla. Su ergonomía, su base antidelizante y su rápido tiempo de respuesta permite que tus juegos favoritos se sientan más cerca que nunca, al alcance de tus manos.',21,'Redragon');
insert into product values ('bc944e4c-6c0d-4fcf-a997-62e21a051e68','Teclado Genius SlimStar 230 QWERTY español color negro',965,'https://http2.mlstatic.com/D_NQ_NP_800896-MLA46100009297_052021-O.webp','Este teclado Genius es el mejor complemento para hacer todo tipo de actividades. Es cómodo y práctico al momento de redactar documentos, navegar y hacer búsquedas por internet, ya sea en tu trabajo o en la comodidad del hogar.',10,'Genius');
insert into product values ('e23da319-f0a4-4a13-8414-fc63d66a3c49','Teclado gamer Noga NKB-560 QWERTY español España color negro con luz RGB',2470,'https://http2.mlstatic.com/D_NQ_NP_734444-MLA44400808754_122020-O.webp','Este teclado Noga de alto rendimiento permite que puedas disfrutar de horas ilimitadas de juegos. Está diseñado especialmente para que puedas expresar tanto tus habilidades como tu estilo. Podrás mejorar tu experiencia de gaming, ya seas un aficionado o todo un experto y hacer que tus jugadas alcancen otro nivel.',5,'Noga');
insert into product values ('074f87af-1ae8-4859-b6ec-579787c6bb8c','Teclado gamer Razer BlackWidow V3 QWERTY Green inglés US color rosa cuarzo con luz RGB',20150,'https://http2.mlstatic.com/D_NQ_NP_662278-MLA49294814691_032022-O.webp','Este dispositivo tiene teclas antighosting. Esta cualidad es indispensable si requerís de un uso intensivo del periférico. Gracias a esto podrás evitar fallas al tocar varias teclas al mismo tiempo.',15,'Razer');
insert into product values ('3d87632d-9ebf-4eb2-90f5-aadfc34fb4ae','Auriculares gamer Razer Kraken X Lite black',6300,'https://http2.mlstatic.com/D_NQ_NP_650755-MLA40807371233_022020-O.webp','El diseño over-ear brinda una comodidad insuperable gracias a sus suaves almohadillas. Al mismo tiempo, su sonido envolvente del más alto nivel se convierte en el protagonista de la escena.',23,'Razer');
insert into product values ('8529a1c4-a191-41ab-88df-01359e97237b','Auriculares gamer Logitech G Series G433 black',12200,'https://http2.mlstatic.com/D_NQ_NP_887025-MLA40183759211_122019-O.webp','¡Experimentá la adrenalina de sumergirte en la escena de otra manera! Tener auriculares específicos para jugar cambia completamente tu experiencia en cada partida. Con los Logitech G433 no te perdés ningún detalle y escuchás el audio tal y como fue diseñado por los creadores.',12,'Logitech');
insert into product values ('f0895d69-2318-4c5a-be1a-ccf3d0883720','Auriculares gamer Redragon Lamia RGB negro con luz rgb LED',6200,'https://http2.mlstatic.com/D_NQ_NP_789680-MLA43246728560_082020-O.webp','El diseño over-ear brinda una comodidad insuperable gracias a sus suaves almohadillas. Al mismo tiempo, su sonido envolvente del más alto nivel se convierte en el protagonista de la escena.',23,'Redragon');
insert into product values ('4dbffb15-f328-43bb-a914-4017829c7ac2','Auriculares gamer Genius GX Gaming Cavimanus negro',8800,'https://http2.mlstatic.com/D_NQ_NP_719865-MLA41243538876_032020-O.webp','¡Experimentá la adrenalina de sumergirte en la escena de otra manera! Tener auriculares específicos para jugar cambia completamente tu experiencia en cada partida. Con los Genius Cavimanus no te perdés ningún detalle y escuchás el audio tal y como fue diseñado por los creadores.',5,'Genius');
insert into product values ('74893d5f-22f7-4a24-bd46-ffb543bdc55e','Auricular Noga Ng-903 Pc/ Celu Regulable',2300,'https://http2.mlstatic.com/D_NQ_NP_712045-MLA41720148637_052020-O.webp','Estos Auriculares Ultralivianos te darán la sensación de estar escuchando música con auriculares sin tenerlos puestos.Además te ofrecen un Sonido Hi-Fi con bajos reforzados.Para Celulares, Tablets, MP3 Players, Desktop, etc.',12,'Noga');
insert into product values ('9e24780d-619f-47a4-bea9-7235c2e2a5e1','Micrófono Razer Seiren Mini condensador supercardioide negro clásico',9200,'https://http2.mlstatic.com/D_NQ_NP_757439-MLA44483909333_012021-O.webp','Al ser condensador, posibilitará un resultado claro y fino. Es ideal para percusiones, guitarras, pianos, entre otros. Por su respuesta tan definida ante la voz, es el más elegido por los profesionales.',13,'Razer');
insert into product values ('b83597dc-e27b-408d-a632-48d456aa8337','Micrófono Redragon Blazar GM300 condensador cardioide y unidireccional negro',11000,'https://http2.mlstatic.com/D_NQ_NP_807686-MLA43529699380_092020-O.webp','Ideal para varias actividades. Te brindará un sonido de calidad y conseguirás la nitidez de las voces.',42,'Redragon');
insert into product values ('d6b81ce9-d6ff-4ea7-aeb9-3660edfd6862','Micrófono Manos Libres Genius Diseño Clip Mic-01c Tech Phone',1500,'https://http2.mlstatic.com/D_NQ_NP_895476-MLA44189870931_112020-O.webp','El MIC-01C de Genius es el micrófono manos libres para una comunicación clara y nítida a través de su PC. El micrófono omnidireccional es perfecto para chatear por Internet. Instalar MIC-01C es simplemente una cuestión de enchufarlo al conector de audio y empezar a hablar. Su clip en línea no solo ahorra espacio, sino que también tiene 360 grados.',21,'Genius');
insert into product values ('258bf060-e12e-4d68-9af0-ff908e69f332','Microfono Pc Gamer Streaming Juegos Youtube Noga Mic-st02',2020,'https://http2.mlstatic.com/D_NQ_NP_873943-MLA47233243262_082021-O.webp','Micrófono de Alta Gama ideal para cantar, grabar y hacer streaming.Omnidireccional, capaz de recoger sonidos desde cualquier dirección.Excelente circuito de procesamiento de audio que garantiza Alta Fidelidad y baja distorsión.',23,'Noga');
insert into product values ('08ae38c1-d161-49d0-8898-4b836cceb7fe','Micrófonos Logitech 989-000171 de expansión omnidireccional negros',40000,'https://http2.mlstatic.com/D_NQ_NP_915135-MLA46166202547_052021-O.webp','Su patrón polar omnidireccional ofrece una respuesta de sensibilidad constante gracias a su ángulo de cobertura de 360º. ¡Vas a poder percibir sonidos en todas las direcciones!',9,'Logitech');
insert into product values ('484f311d-e80e-4164-b8ca-4e5cdaf3f6dd','Parlantes Computadora Noga Ng-106',800,'https://http2.mlstatic.com/D_NQ_NP_838045-MLA45165895134_032021-O.webp','Estos Mini Parlantes NG-106 son perfectos para Notebooks y Tablets, por ser portátiles, fáciles de guardar, reciben energía por conexión USB y ocupan poco espacio.Poseen un Diseño Elegante, Moderno y Compacto.',63,'Noga');
insert into product values ('0fc5c141-fc1e-46ec-9ed3-a9d4de946725','Parlantes Gamer Razer Nommo Chroma 3 - Original',70000,'https://http2.mlstatic.com/D_NQ_NP_621958-MLA47341670176_092021-O.webp','Posee subwoofer.Excelente calidad de sonido.Perfectos para notebooks y computadoras de escritorio.',14,'Razer');
insert into product values ('cd68af8b-9d1e-4d37-af50-cc7be966c9a5','Parlante Genius SP-HF180 madera',1400,'https://http2.mlstatic.com/D_NQ_NP_925746-MLA42899473549_072020-O.webp','Genius SP-HF180 ofrece un sonido natural, con una gran claridad y precisión, que se dispersa de manera uniforme. Un parlante que asegura potencia y calidad por igual en la reproducción de contenidos multimedia.',26,'Genius');
insert into product values ('cdb64b6f-d467-46d8-b123-6c9873916038','Parlante Logitech S150 portátil black',1900,'https://http2.mlstatic.com/D_NQ_NP_773961-MLA43014337860_082020-O.webp','Logitech S150 ofrece un sonido natural, con una gran claridad y precisión, que se dispersa de manera uniforme. Un parlante que asegura potencia y calidad por igual en la reproducción de contenidos multimedia.',17,'Logitech');
insert into product values ('09de1a95-5255-4573-8534-b09b5f26d64c','Parlante Nisuta NSPAU10B con bluetooth negro',5100,'https://http2.mlstatic.com/D_NQ_NP_705379-MLA49119630056_022022-O.webp','Nisuta NSPAU10B ofrece un sonido natural, con una gran claridad y precisión, que se dispersa de manera uniforme. Un parlante que asegura potencia y calidad por igual en la reproducción de contenidos multimedia.',36,'Nisuta');
insert into product values ('4ae92af0-72f5-4005-9f4b-3b3f51b504e2','Gabinete Gamer Thermaltake V200 Ryzen Fuente 500w Vidrio Usb',8300,'https://http2.mlstatic.com/D_NQ_NP_869076-MLA49154525965_022022-O.webp','Incluye fuente de alimentación, puertos, con un tipo de estructura Mid tower',19,'Thermaltake');
insert into product values ('521a19fa-16ba-4fdb-95c0-834e39c801b7','Gabinete Pc Gamer Sentey X10 Rgb Acrilic Usb 3.0 Sin Fuente',5100,'https://http2.mlstatic.com/D_NQ_NP_2X_789863-MLA46419477738_062021-F.webp','Es un gabinete con un panel lateral de acrílico completo para mostrar el interior de su plataforma. Su panel frontal LED de diseño elegante presenta iluminación tipo RGB de color estáticos con un estilo único.',10,'Sentey');
insert into product values ('c1b761c8-3dc4-479c-8a9e-43cee4470581','Gabinete Gamer Brainstorm Mastra Series 4 Fan Rgb',12000,'https://http2.mlstatic.com/D_NQ_NP_653958-MLA45721509786_042021-O.webp','Soporte de mother ITX, M-ATX, ATX. Tipo de ventana de vidrio templado. Color negro',12,'Brainstorm');
insert into product values ('9d018ef9-b7a8-4447-8b58-ffff5ceb0a5b','Gabinete Gamer 8609 Noga 3 Coolers Panel Vidrio Fte 600w',9200,'https://http2.mlstatic.com/D_NQ_NP_2X_632967-MLA46476660596_062021-F.webp','Poderoso Gabinete Gamer con 3 Coolers con LEDS rojos.Contiene 1 Puerto USB 3.0, 2 Puertos USB 2.0 y conexiones miniplug para Auriculares y Mic. Posee 1 paneles de vidrio y 1 panel de acrílico tonalizados. Incluye Fuente de Alimentación de 600W.',25,'Noga');
insert into product values ('20f60050-91ea-4412-ae63-12830d673d96','Gabinete Gamer Cougar Darkblader X5 Black Mid Tower',10700,'https://http2.mlstatic.com/D_NQ_NP_967625-MLA49576885433_042022-O.webp','Modelo DarkBlader X5. Medidas 220, 486, 468 (mm). Mini ITX, Micro ATX, ATX, CEB, EATX. USB 3.0 x 1, 2 USB 2.0, Mic, Audio, Reset Button',26,'Cougar');
insert into product values ('d958c546-0afd-4820-9ec3-d19a2cd3db49','Mother Asus Prime A320m-k Am4 Ddr4 A320 Hdmi M2',7500,'https://http2.mlstatic.com/D_NQ_NP_2X_814476-MLA47101074241_082021-F.webp','AMD AM4 socket AMD Opteron ™ sharp de segunda generación/ equipado con Dacentrurus ™ Radeon ™ Vega Graphics / Dacentrurus ™ Generation 1/7th generación A-series/Procesador Athlon X4 compatible con CPU de hasta 8 núcleos',24,'Asus');
insert into product values ('85757b51-0ef4-4de6-a388-bdcf7c6828e9','Motherboard Msi B450m Pro-vdh Max Am4 Ddr4 Pc Gamer',15000,'https://http2.mlstatic.com/D_NQ_NP_852235-MLA49599059857_042022-O.webp','Las placas base MSI presentaron la última solución para jugadores entusiastas y prosumidores. La mejora de la CPU y la memoria, el almacenamiento rápido y la velocidad de transferencia USB están listos para estar en el campo de batalla',45,'Msi');
insert into product values ('fb2fb942-dee5-4cb9-b6d0-be3163aebcb9','Placa Mother Gamer Gigabyte Amd Amd A320 Ga-a320m-h Oficial',6000,'https://http2.mlstatic.com/D_NQ_NP_924758-MLA49185618365_022022-O.webp','Supports AMD 3rd Gen Ryzen™/ 2nd Gen Ryzen™/ 1st Gen Ryzen™/2nd Gen Ryzen™ with Radeon™ Vega Graphics/ 1st Gen Ryzen™ with Radeon™ Vega Graphics/ Athlon™ with Radeon™ Vega Graphics/ 7th Gen A-series/ Athlon X4 Processors',23,'Gigabyte');
insert into product values ('396ce7cc-aecc-4b89-bf8b-8aa852baaf5d','Placa de video AMD MSI Mech Radeon 6600 Series RX 6600 XT RADEON RX 6600 XT MECH 2X 8G OC 8GB',130000,'https://http2.mlstatic.com/D_NQ_NP_982456-MLA48741305858_012022-O.webp','AMD es un fabricante estadounidense de placas de video, por su tecnología se ha destacado en crear procesadores de alta gama que permiten un excelente funcionamiento del motor gráfico de tu computadora.',2,'Msi');
insert into product values ('e00a754d-4fe7-4a06-abe2-9134a9844e8d','Placa de video Nvidia Asus Phoenix GeForce GTX 16 Series GTX 1650 PH-GTX1650-O4GD6 OC Edition 4GB',55000,'https://http2.mlstatic.com/D_NQ_NP_725837-MLA44866131238_022021-O.webp','Nvidia es el fabricante líder de placas de video. Su calidad asegura una experiencia positiva en el desarrollo del motor gráfico de tu computadora. Además, sus procesadores usan tecnología de punta para que puedas disfrutar de un producto veloz y duradero.',3,'Asus');
insert into product values ('441f4262-8bdf-4e6e-9936-552408785793','Monitor gamer Samsung F24T35 led 24 " azul y gris oscuro 100V/240V',37000,'https://http2.mlstatic.com/D_NQ_NP_973781-MLA48131216539_112021-O.webp','Este monitor de 24" te va a resultar cómodo para estudiar, trabajar o ver una película en tus tiempos de ocio. Asimismo, su resolución de 1920 x 1080 te permite disfrutar de momentos únicos gracias a una imagen de alta fidelidad. Su tiempo de respuesta de 5 ms lo hace ideal para gamers y cinéfilos porque es capaz de mostrar imágenes en movimiento sin halos o bordes borrosos.',12,'Samsung');
insert into product values ('299821e5-159b-41c0-aeb0-e45fc5839be3','Monitor gamer LG 27GL650F led 27 " negro 100V/240V',67000,'https://http2.mlstatic.com/D_NQ_NP_624926-MLA44490109901_012021-O.webp','LG busca entender a los usuarios para ofrecerles óptimas soluciones y nuevas experiencias a través de la evolución tecnológica. Disfrutá de la perfecta combinación de diseño, calidad y rendimiento que la empresa te ofrece en este monitor.',15,'LG');
insert into product values ('da82cf9c-d78a-42f6-a4bd-241bb93a1303','Monitor gamer Gigabyte G27F led 27 " negro 100V/240V',70000,'https://http2.mlstatic.com/D_NQ_NP_721448-MLA45212599699_032021-O.webp','Disfrutá de todas las cualidades que el monitor Gigabyte G27F tiene para ofrecerte. Percibí las imágenes de una manera completamente diferente y complementá cualquier espacio ya sea en tu casa u oficina.',14,'Gigabyte');
insert into product values ('27191861-ef42-4797-84df-08ee467d2a35','Monitor gamer HP 24fw led 23.8 " blanco 100V/240V',37000,'https://http2.mlstatic.com/D_NQ_NP_960953-MLA48760938260_012022-O.webp','La visión de HP es crear tecnologías que mejoren ampliamente la vida de todas las personas del mundo. La empresa trabaja en la invención y el diseño de productos que brinden experiencias asombrosas. Tener un monitor HP es disfrutar de la alta calidad e innovación que ofrece la marca.',16,'HP');
insert into product values ('1416a90e-076e-449f-95a3-5b13b82bace1','Monitor gamer curvo Asus TUF Gaming VG27WQ1B led 27 " negro 100V/240V',81000,'https://http2.mlstatic.com/D_NQ_NP_917499-MLA48810646433_012022-O.webp','Apasionada de la tecnología e impulsada por la innovación, Asus se esfuerza por crear una vida mejor para todas las personas. Siempre en búsqueda de nuevas ideas, la empresa aspira a ofrecer la más alta calidad en cada uno de sus productos. Comprobalo por vos mismo con este monitor Asus que te brindará una experiencia auténtica e increíble.',16,'Asus');
insert into product values ('b6f253df-f357-4f10-9e89-db13c066c4ac','Procesador Intel Core i3-10100F BX8070110100F de 4 núcleos y 4.3GHz de frecuencia',12700,'https://http2.mlstatic.com/D_NQ_NP_852927-MLA44434412369_122020-O.webp','Productividad y entretenimiento, todo disponible en tu computadora de escritorio. La superioridad tecnológica de INTEL es un beneficio para todo tipo de profesionales. Asegura el mejor rendimiento de las aplicaciones, de la transferencia de datos y la conexión con otros elementos tecnológicos.',32,'Intel');
insert into product values ('e75b5512-95d3-49ee-848b-7a280e5597f2','Procesador gamer AMD Ryzen 5 5600G 100-100000252BOX de 6 núcleos y 4.4GHz de frecuencia con gráfica integrada',39300,'https://http2.mlstatic.com/D_NQ_NP_928642-MLA47847420037_102021-O.webp','En este producto, encontrarás los núcleos, que son los encargados de ejecutar las instrucciones y actividades que le asignás a tu dispositivo. Estos tienen relación directa con dos elementos: los hilos y el modelo. Por lo tanto, a la hora de elegir un procesador, es importante que valores los tres en su conjunto.',12,'AMD');
insert into product values ('ac6b8b12-449a-437f-8770-961fe1b36ee2','Memoria RAM color verde 8GB 1 Crucial CT8G4SFS8266',6000,'https://http2.mlstatic.com/D_NQ_NP_2X_688943-MLA40187105191_122019-F.webp','Con su tecnología DDR4, mejorará el desempeño de tu equipo, ya que opera en 3 y 4 canales, generando mayor fluidez y velocidad en la transferencia de datos. ¡Optimizá al máximo el rendimiento de tu computadora!',14,'Crucial');
insert into product values ('98ea9fb3-7f17-42ff-8903-64d548e629b5','Memoria RAM Fury Beast DDR4 gamer color negro 8GB 1 Kingston KF426C16BB/8',7700,'https://http2.mlstatic.com/D_NQ_NP_908770-MLA48636149604_122021-O.webp','Con su tecnología DDR4, mejorará el desempeño de tu equipo, ya que aumentará la fluidez y la velocidad en la transferencia de datos ¡Optimizá al máximo el rendimiento de tu computadora y reducí el consumo energético!',14,'Kingston');
insert into product values ('562e9617-1b97-4e99-b652-9aee325c0531','Memoria RAM Vengeance LPX gamer color negro 8GB 1 Corsair CMK8GX4M1D3000C16',7200,'https://http2.mlstatic.com/D_NQ_NP_2X_912545-MLA48832758167_012022-F.webp','Esta memoria de formato DIMM es ideal para tu Computadoras de escritorio. ¡Instalala y comenzá a disfrutar de un óptimo funcionamiento!',10,'Corsair');
insert into product values ('20b590a3-ba95-4796-b36b-758dff4380de','Cámara web Logitech C505e HD 30FPS color negro',5600,'https://http2.mlstatic.com/D_NQ_NP_2X_789405-MLA49253755126_032022-F.webp','Este dispositivo también permite realizar videollamadas en ambientes oscuros o con luz tenue, ya que su función de corrección de iluminación automática ajusta el balance de blancos de la imagen y corrige la luz baja. Esto permite que la imagen sea lo suficientemente brillante como para que se vea en estos espacios.',12,'Logitech');
insert into product values ('ce630b92-aeae-4ba8-8dd8-d33dcbdc7781','Cámara web Redragon Hitman Full HD 30FPS color negro',7000,'https://http2.mlstatic.com/D_NQ_NP_700567-MLA49423138133_032022-O.webp','Esta cámara web ofrece micrófono incorporado, lo que permite capturar el sonido del ambiente. Podrás disfrutar de conversaciones con altavoz o con auriculares, si buscás mayor privacidad.',22,'Redragon');
insert into product values ('202209e5-a692-473c-92ff-0479d35fecb4','Cámara web Genius ECam 8000 Full HD 30FPS color rojo',5000,'https://http2.mlstatic.com/D_NQ_NP_936485-MLA49546432476_042022-O.webp','Ya no tenés que preocuparte si tu PC no tiene cámara. Este dispositivo de Genius brinda la calidad de imagen y funciones que necesitás para comunicarte de manera fácil y efectiva en la virtualidad.',14,'Genius');
insert into product values ('0c593d5e-e520-4b91-ac5b-0f1ed8ba06b9','Teclado Gamer Exo Mecánico Retroiluminado Mk806',5000,'https://http2.mlstatic.com/D_NQ_NP_711705-MLA49199698342_022022-O.webp','Tiene varios modos haciendo efecto de luces siempre manteniendo el color de la tira (El modo RGB no permite dejar un solo color fijo) con algunas teclas mas iluminadas por ejemplo el modo juegos ilumina las teclas ASDW.',32,'Exo');
insert into product values ('4ff1ea4e-7bb5-47d3-8857-86f99530bbb4','Cámara Webcam 2mpx Micrófono 1080p Usb Streaming Foscam W21',2000,'https://http2.mlstatic.com/D_NQ_NP_2X_827396-MLA48253245450_112021-F.webp','Cámara web Full HD 1080P a 30 fps con compresión H.264: la excelente calidad de construcción de hardware de Foscam incluye un sensor CMOS que ofrece vídeo Full HD y precisión de color. La compresión H.264 preserva eficazmente el ancho de banda de red. Con esta combinación, puedes decir adiós a las videollamadas y bloqueadas, y puedes confiar en que tu lenguaje corporal y las señales faciales no se pierden ni se malentienden en importantes videoconferencias, cursos web, programas en vivo.',20,'Foscam');
insert into category values ('223663ef-3dd4-41fc-a09c-811b3daa348d','Mouse');
insert into category values ('a680059e-d640-43c3-b056-234b58d6a9e1','Teclados');
insert into category values ('cbc4aa71-f149-469b-afdd-f487afeb1ff1','Auriculares');
insert into category values ('304224a0-c5c4-4262-b277-800a91cd55a7','Micrófonos');
insert into category values ('b0f71dd4-704d-4922-9456-b38964a0e437','Parlantes');
insert into category values ('7d46aa02-55ac-4256-b5fb-e551269327b6','Gabinetes');
insert into category values ('83e32196-e8a3-4030-b813-9718ae1d0a49','Motherboard');
insert into category values ('551bfe55-f1d1-462c-9024-9ab6186e21fc','Placas de video');
insert into category values ('b4fb8da5-bba2-44d1-b50d-412e06990a18','Monitores');
insert into category values ('1a8ea415-6221-49d1-be56-47cd54f365f2','Procesadores');
insert into category values ('032e44d5-b0bf-47b5-8434-5d2e05b624b9','Memoria Ram');
insert into category values ('c1d664a8-18bb-4aa2-b81a-43169d03c5c5','Webcam');
insert into category_product values (CURRENT_TIMESTAMP, CURRENT_TIMESTAMP, 'cc781d72-c2ef-4567-a901-3e10c2579b05','223663ef-3dd4-41fc-a09c-811b3daa348d');
insert into category_product values (CURRENT_TIMESTAMP, CURRENT_TIMESTAMP, '7a4ae428-4d42-41ec-b8bc-381578398a9a','223663ef-3dd4-41fc-a09c-811b3daa348d');
insert into category_product values (CURRENT_TIMESTAMP, CURRENT_TIMESTAMP, 'adc47f2c-4947-4c96-9645-b02599949176','223663ef-3dd4-41fc-a09c-811b3daa348d');
insert into category_product values (CURRENT_TIMESTAMP, CURRENT_TIMESTAMP, '92fe4d55-ca83-4fc8-aaaf-902ebdd2af55','223663ef-3dd4-41fc-a09c-811b3daa348d');
insert into category_product values (CURRENT_TIMESTAMP, CURRENT_TIMESTAMP, '3a4e9d34-a587-43c9-8a49-f57e1527aed2','223663ef-3dd4-41fc-a09c-811b3daa348d');
insert into category_product values (CURRENT_TIMESTAMP, CURRENT_TIMESTAMP, '91b985c5-4602-49a8-8ce0-0c90d3b13b9d','a680059e-d640-43c3-b056-234b58d6a9e1');
insert into category_product values (CURRENT_TIMESTAMP, CURRENT_TIMESTAMP, '8ef68956-4e97-4956-bf76-2f338adc82d5','a680059e-d640-43c3-b056-234b58d6a9e1');
insert into category_product values (CURRENT_TIMESTAMP, CURRENT_TIMESTAMP, 'bc944e4c-6c0d-4fcf-a997-62e21a051e68','a680059e-d640-43c3-b056-234b58d6a9e1');
insert into category_product values (CURRENT_TIMESTAMP, CURRENT_TIMESTAMP, 'e23da319-f0a4-4a13-8414-fc63d66a3c49','a680059e-d640-43c3-b056-234b58d6a9e1');
insert into category_product values (CURRENT_TIMESTAMP, CURRENT_TIMESTAMP, '074f87af-1ae8-4859-b6ec-579787c6bb8c','a680059e-d640-43c3-b056-234b58d6a9e1');
insert into category_product values (CURRENT_TIMESTAMP, CURRENT_TIMESTAMP, '3d87632d-9ebf-4eb2-90f5-aadfc34fb4ae','cbc4aa71-f149-469b-afdd-f487afeb1ff1');
insert into category_product values (CURRENT_TIMESTAMP, CURRENT_TIMESTAMP, '8529a1c4-a191-41ab-88df-01359e97237b','cbc4aa71-f149-469b-afdd-f487afeb1ff1');
insert into category_product values (CURRENT_TIMESTAMP, CURRENT_TIMESTAMP, 'f0895d69-2318-4c5a-be1a-ccf3d0883720','cbc4aa71-f149-469b-afdd-f487afeb1ff1');
insert into category_product values (CURRENT_TIMESTAMP, CURRENT_TIMESTAMP, '4dbffb15-f328-43bb-a914-4017829c7ac2','cbc4aa71-f149-469b-afdd-f487afeb1ff1');
insert into category_product values (CURRENT_TIMESTAMP, CURRENT_TIMESTAMP, '74893d5f-22f7-4a24-bd46-ffb543bdc55e','cbc4aa71-f149-469b-afdd-f487afeb1ff1');
insert into category_product values (CURRENT_TIMESTAMP, CURRENT_TIMESTAMP, '9e24780d-619f-47a4-bea9-7235c2e2a5e1','304224a0-c5c4-4262-b277-800a91cd55a7');
insert into category_product values (CURRENT_TIMESTAMP, CURRENT_TIMESTAMP, 'b83597dc-e27b-408d-a632-48d456aa8337','304224a0-c5c4-4262-b277-800a91cd55a7');
insert into category_product values (CURRENT_TIMESTAMP, CURRENT_TIMESTAMP, 'd6b81ce9-d6ff-4ea7-aeb9-3660edfd6862','304224a0-c5c4-4262-b277-800a91cd55a7');
insert into category_product values (CURRENT_TIMESTAMP, CURRENT_TIMESTAMP, '258bf060-e12e-4d68-9af0-ff908e69f332','304224a0-c5c4-4262-b277-800a91cd55a7');
insert into category_product values (CURRENT_TIMESTAMP, CURRENT_TIMESTAMP, '08ae38c1-d161-49d0-8898-4b836cceb7fe','304224a0-c5c4-4262-b277-800a91cd55a7');
insert into category_product values (CURRENT_TIMESTAMP, CURRENT_TIMESTAMP, '484f311d-e80e-4164-b8ca-4e5cdaf3f6dd','b0f71dd4-704d-4922-9456-b38964a0e437');
insert into category_product values (CURRENT_TIMESTAMP, CURRENT_TIMESTAMP, '0fc5c141-fc1e-46ec-9ed3-a9d4de946725','b0f71dd4-704d-4922-9456-b38964a0e437');
insert into category_product values (CURRENT_TIMESTAMP, CURRENT_TIMESTAMP, 'cd68af8b-9d1e-4d37-af50-cc7be966c9a5','b0f71dd4-704d-4922-9456-b38964a0e437');
insert into category_product values (CURRENT_TIMESTAMP, CURRENT_TIMESTAMP, 'cdb64b6f-d467-46d8-b123-6c9873916038','b0f71dd4-704d-4922-9456-b38964a0e437');
insert into category_product values (CURRENT_TIMESTAMP, CURRENT_TIMESTAMP, '09de1a95-5255-4573-8534-b09b5f26d64c','b0f71dd4-704d-4922-9456-b38964a0e437');
insert into category_product values (CURRENT_TIMESTAMP, CURRENT_TIMESTAMP, '4ae92af0-72f5-4005-9f4b-3b3f51b504e2','7d46aa02-55ac-4256-b5fb-e551269327b6');
insert into category_product values (CURRENT_TIMESTAMP, CURRENT_TIMESTAMP, '521a19fa-16ba-4fdb-95c0-834e39c801b7','7d46aa02-55ac-4256-b5fb-e551269327b6');
insert into category_product values (CURRENT_TIMESTAMP, CURRENT_TIMESTAMP, 'c1b761c8-3dc4-479c-8a9e-43cee4470581','7d46aa02-55ac-4256-b5fb-e551269327b6');
insert into category_product values (CURRENT_TIMESTAMP, CURRENT_TIMESTAMP, '9d018ef9-b7a8-4447-8b58-ffff5ceb0a5b','7d46aa02-55ac-4256-b5fb-e551269327b6');
insert into category_product values (CURRENT_TIMESTAMP, CURRENT_TIMESTAMP, '20f60050-91ea-4412-ae63-12830d673d96','7d46aa02-55ac-4256-b5fb-e551269327b6');
insert into category_product values (CURRENT_TIMESTAMP, CURRENT_TIMESTAMP, 'd958c546-0afd-4820-9ec3-d19a2cd3db49','83e32196-e8a3-4030-b813-9718ae1d0a49');
insert into category_product values (CURRENT_TIMESTAMP, CURRENT_TIMESTAMP, '85757b51-0ef4-4de6-a388-bdcf7c6828e9','83e32196-e8a3-4030-b813-9718ae1d0a49');
insert into category_product values (CURRENT_TIMESTAMP, CURRENT_TIMESTAMP, 'fb2fb942-dee5-4cb9-b6d0-be3163aebcb9','83e32196-e8a3-4030-b813-9718ae1d0a49');
insert into category_product values (CURRENT_TIMESTAMP, CURRENT_TIMESTAMP, '396ce7cc-aecc-4b89-bf8b-8aa852baaf5d','551bfe55-f1d1-462c-9024-9ab6186e21fc');
insert into category_product values (CURRENT_TIMESTAMP, CURRENT_TIMESTAMP, 'e00a754d-4fe7-4a06-abe2-9134a9844e8d','551bfe55-f1d1-462c-9024-9ab6186e21fc');
insert into category_product values (CURRENT_TIMESTAMP, CURRENT_TIMESTAMP, '441f4262-8bdf-4e6e-9936-552408785793','b4fb8da5-bba2-44d1-b50d-412e06990a18');
insert into category_product values (CURRENT_TIMESTAMP, CURRENT_TIMESTAMP, '299821e5-159b-41c0-aeb0-e45fc5839be3','b4fb8da5-bba2-44d1-b50d-412e06990a18');
insert into category_product values (CURRENT_TIMESTAMP, CURRENT_TIMESTAMP, 'da82cf9c-d78a-42f6-a4bd-241bb93a1303','b4fb8da5-bba2-44d1-b50d-412e06990a18');
insert into category_product values (CURRENT_TIMESTAMP, CURRENT_TIMESTAMP, '27191861-ef42-4797-84df-08ee467d2a35','b4fb8da5-bba2-44d1-b50d-412e06990a18');
insert into category_product values (CURRENT_TIMESTAMP, CURRENT_TIMESTAMP, '1416a90e-076e-449f-95a3-5b13b82bace1','b4fb8da5-bba2-44d1-b50d-412e06990a18');
insert into category_product values (CURRENT_TIMESTAMP, CURRENT_TIMESTAMP, 'b6f253df-f357-4f10-9e89-db13c066c4ac','1a8ea415-6221-49d1-be56-47cd54f365f2');
insert into category_product values (CURRENT_TIMESTAMP, CURRENT_TIMESTAMP, 'e75b5512-95d3-49ee-848b-7a280e5597f2','1a8ea415-6221-49d1-be56-47cd54f365f2');
insert into category_product values (CURRENT_TIMESTAMP, CURRENT_TIMESTAMP, 'ac6b8b12-449a-437f-8770-961fe1b36ee2','032e44d5-b0bf-47b5-8434-5d2e05b624b9');
insert into category_product values (CURRENT_TIMESTAMP, CURRENT_TIMESTAMP, '98ea9fb3-7f17-42ff-8903-64d548e629b5','032e44d5-b0bf-47b5-8434-5d2e05b624b9');
insert into category_product values (CURRENT_TIMESTAMP, CURRENT_TIMESTAMP, '562e9617-1b97-4e99-b652-9aee325c0531','032e44d5-b0bf-47b5-8434-5d2e05b624b9');
insert into category_product values (CURRENT_TIMESTAMP, CURRENT_TIMESTAMP, '20b590a3-ba95-4796-b36b-758dff4380de','c1d664a8-18bb-4aa2-b81a-43169d03c5c5');
insert into category_product values (CURRENT_TIMESTAMP, CURRENT_TIMESTAMP, 'ce630b92-aeae-4ba8-8dd8-d33dcbdc7781','c1d664a8-18bb-4aa2-b81a-43169d03c5c5');
insert into category_product values (CURRENT_TIMESTAMP, CURRENT_TIMESTAMP, '202209e5-a692-473c-92ff-0479d35fecb4','c1d664a8-18bb-4aa2-b81a-43169d03c5c5');
insert into category_product values (CURRENT_TIMESTAMP, CURRENT_TIMESTAMP, '0c593d5e-e520-4b91-ac5b-0f1ed8ba06b9','a680059e-d640-43c3-b056-234b58d6a9e1');
insert into category_product values (CURRENT_TIMESTAMP, CURRENT_TIMESTAMP, '4ff1ea4e-7bb5-47d3-8857-86f99530bbb4','c1d664a8-18bb-4aa2-b81a-43169d03c5c5');
